cell,cycle_life,charge_policy,cycle,IR,QC,QD,Tavg,Tmin,Tmax,chargetime
33,520,5.2C(58%)-4C,1.0,0.017711338,1.0757792,1.0758885,32.85831912818337,30.670738,36.337837,10.178858333333483
33,520,5.2C(58%)-4C,2.0,0.017695136,1.0788997,1.079052,32.47028365665236,30.02273,35.5625,10.179286666666789
33,520,5.2C(58%)-4C,3.0,0.017686367,1.0808975,1.0797886,32.907571272189344,30.620964,36.342033,10.095798333333368
33,520,5.2C(58%)-4C,4.0,0.017552797,1.0819354,1.0819074,33.09458798799317,30.771761,36.423939,10.095908333333258
33,520,5.2C(58%)-4C,5.0,0.01752685,1.0820354,1.0819733,32.7770236195745,30.604416,35.936954,10.095853333333313
33,520,5.2C(58%)-4C,6.0,0.01752568,1.0825975,1.0825555,32.95860522999167,30.764137,36.100868,10.179394999999932
33,520,5.2C(58%)-4C,7.0,0.017464101,1.0831681,1.0830439,33.00763811175985,30.669449,36.401508,10.095974999999937
33,520,5.2C(58%)-4C,8.0,0.017635129,1.0826614,1.0813658,32.40750203398477,30.06834,35.673412,10.179603333333459
33,520,5.2C(58%)-4C,9.0,0.017552577,1.0832591,1.0831547,32.760006060480535,30.399349,36.030365,10.095716666666704
33,520,5.2C(58%)-4C,10.0,0.017499318,1.0835106,1.0834111,32.7251796272341,30.516346,35.63456,10.096319999999832
33,520,5.2C(58%)-4C,11.0,0.017654093,1.0831746,1.0831406,32.406979853389785,30.223227,35.621452,10.096066666666593
33,520,5.2C(58%)-4C,12.0,0.017544808,1.0837265,1.0836747,32.71721552504177,30.248434,35.681828,10.179403333333175
33,520,5.2C(58%)-4C,13.0,0.017511547,1.0841281,1.0840653,32.82688986743982,30.360081,35.643402,10.179201666666632
33,520,5.2C(58%)-4C,14.0,0.017571224,1.0840439,1.0839046,32.69383015651437,30.417984,35.872391,10.095934999999978
33,520,5.2C(58%)-4C,15.0,0.01750841,1.0842226,1.0841446,32.947791627810176,30.746727,35.903706,10.179315000000011
33,520,5.2C(58%)-4C,16.0,0.017535217,1.0843334,1.0842453,32.82611136788446,30.339201,35.528385,10.09595833333345
33,520,5.2C(58%)-4C,17.0,0.017583312,1.0843319,1.0842352,32.93135151979785,30.792351,36.277134,10.096041666666375
33,520,5.2C(58%)-4C,18.0,0.017449331,1.0847012,1.0846167,33.252984465604015,30.870131,36.370834,10.179336666666496
33,520,5.2C(58%)-4C,19.0,0.017406421,1.0843333,1.0842136,32.93762730320948,30.299601,36.011028,10.179123333333216
33,520,5.2C(58%)-4C,20.0,0.017519709,1.0846145,1.0845537,33.01833254995738,30.787855,36.373024,10.178874999999728
33,520,5.2C(58%)-4C,21.0,0.017418202,1.0849122,1.08482,33.310544989020244,30.984539,36.866623,10.096186666666958
33,520,5.2C(58%)-4C,22.0,0.017481124,1.0846621,1.0844122,32.7754318402019,30.274292,35.915337,10.095709999999963
33,520,5.2C(58%)-4C,23.0,0.017570788,1.0844952,1.0844398,32.79750751790189,30.566675,36.226959,10.096026666666633
33,520,5.2C(58%)-4C,24.0,0.017466962,1.0847473,1.0846616,32.866754308290176,30.490093,36.417252,10.095910000000247
33,520,5.2C(58%)-4C,25.0,0.017548991,1.0841997,1.0841373,32.43708394435069,30.070848,35.743752,10.095886666666775
33,520,5.2C(58%)-4C,26.0,0.017489772,1.08481,1.0847658,32.979969615580075,30.85421,36.434181,10.096148333333742
33,520,5.2C(58%)-4C,27.0,0.017410958,1.0850772,1.084987,33.20627879379707,31.317715,36.449364,10.179168333333413
33,520,5.2C(58%)-4C,28.0,0.017560096,1.0845124,1.0845143,32.75414045861482,30.48287,36.189171,10.09605833333335
33,520,5.2C(58%)-4C,29.0,0.017495204,1.0850124,1.0849357,33.13857365671646,30.92296,36.561817,10.179123333333216
33,520,5.2C(58%)-4C,30.0,0.017449921,1.0850192,1.0849138,33.01771325250836,30.925163,36.030357,10.096070000000084
33,520,5.2C(58%)-4C,31.0,0.017701911,1.0844442,1.0844572,32.61578362118647,30.487448,36.095905,10.095793333333374
33,520,5.2C(58%)-4C,32.0,0.017535081,1.0849444,1.0848217,32.95432473502111,30.752556,35.968628,10.178951666666642
33,520,5.2C(58%)-4C,33.0,0.017572224,1.0849777,1.0850089,32.74057405508472,30.216921,35.530842,10.095653333333514
33,520,5.2C(58%)-4C,34.0,0.017687816,1.0847338,1.0846977,32.60858277617015,30.498503,35.750507,10.095736666666927
33,520,5.2C(58%)-4C,35.0,0.01766723,1.0848471,1.0847999,32.74108624488054,30.10129,35.850235,10.096125000000272
33,520,5.2C(58%)-4C,36.0,0.017617604,1.0847889,1.0847485,32.58235761670749,29.979477,35.587425,10.095818333333106
33,520,5.2C(58%)-4C,37.0,0.017646683,1.0850096,1.0850208,32.89642591850594,30.654396,36.280464,10.095868333333055
33,520,5.2C(58%)-4C,38.0,0.017498456,1.085119,1.0853667,33.30837816255315,30.638905,36.962749,10.17911333333371
33,520,5.2C(58%)-4C,39.0,0.017420366,1.0851969,1.0850898,33.018947401006706,30.642973,36.370564,10.096080000000075
33,520,5.2C(58%)-4C,40.0,0.017518213,1.0852385,1.0851872,33.19652649705139,31.060358,36.846119,10.179389999999936
33,520,5.2C(58%)-4C,41.0,0.017411156,1.0853051,1.0852333,33.37548648086524,31.545507,36.570415,10.179179999999663
33,520,5.2C(58%)-4C,42.0,0.017612392,1.0847903,1.0847449,32.83278566328254,30.49741,36.249611,10.096015000000383
33,520,5.2C(58%)-4C,43.0,0.017545961,1.0848778,1.0850996,33.14710321345517,30.977545,36.571644,10.0958150000001
33,520,5.2C(58%)-4C,44.0,0.017508296,1.0854517,1.0853616,33.382095852842674,30.868107,36.964043,10.095829999999841
33,520,5.2C(58%)-4C,45.0,0.017698115,1.0847756,1.0846997,32.799425486238576,30.328821,36.381947,10.17932666666699
33,520,5.2C(58%)-4C,46.0,0.017574465,1.085261,1.0851992,33.22008233696564,30.787851,36.815662,10.09579500000012
33,520,5.2C(58%)-4C,47.0,0.017480405,1.0853816,1.0852696,33.1863350160609,30.883825,36.798405,10.179148333333433
33,520,5.2C(58%)-4C,48.0,0.017739989,1.0842057,1.084475,32.45518135368951,30.054077,36.049297,10.179433333333387
33,520,5.2C(58%)-4C,49.0,0.017621333,1.0850375,1.0849899,32.87258245278243,30.517036,36.462051,10.17912166666647
33,520,5.2C(58%)-4C,50.0,0.017586801,1.08523,1.0851756,32.941563063078135,30.345625,36.006126,10.096253333332909
33,520,5.2C(58%)-4C,51.0,0.017718382,1.0848022,1.0848111,32.74040796330275,30.68627,36.443352,10.179405000000164
33,520,5.2C(58%)-4C,52.0,0.017573778,1.0852041,1.0851403,33.09386825660692,30.816345,36.196411,10.096013333333637
33,520,5.2C(58%)-4C,53.0,0.017653592,1.0850871,1.0852855,33.00659900421229,30.409986,36.282246,10.09654833333334
33,520,5.2C(58%)-4C,54.0,0.017729295,1.0849739,1.0849204,32.821016027681644,30.594641,36.5732,10.096054999999858
33,520,5.2C(58%)-4C,55.0,0.017576184,1.0852283,1.0851614,33.14356389054731,30.827108,36.689575,10.179400000000411
33,520,5.2C(58%)-4C,56.0,0.017553365,1.0850523,1.0849849,32.811766964527045,30.415503,35.923317,10.179841666666713
33,520,5.2C(58%)-4C,57.0,0.017750861,1.0849222,1.0848702,32.700100394714376,30.404387,36.166401,10.09604166666589
33,520,5.2C(58%)-4C,58.0,0.017699867,1.0851727,1.0851666,32.94260815638207,29.949514,36.886616,10.09584666666633
33,520,5.2C(58%)-4C,59.0,0.017614402,1.0848351,1.0847183,32.55938099410777,30.000912,36.04097,10.179045000000041
33,520,5.2C(58%)-4C,60.0,0.017713908,1.0850788,1.0850896,32.82880325781247,30.445112,36.453129,10.09619333333297
33,520,5.2C(58%)-4C,61.0,0.017614493,1.0853671,1.0853574,33.20321081818181,30.777689,36.789711,10.179369999999956
33,520,5.2C(58%)-4C,62.0,0.017726859,1.0849566,1.0848736,32.73500785436072,30.237083,36.244064,10.179246666666586
33,520,5.2C(58%)-4C,63.0,0.01772723,1.0850886,1.0850739,32.84868450125733,30.589865,36.419689,10.096426666666714
33,520,5.2C(58%)-4C,64.0,0.017693538,1.0852926,1.0852332,33.025278125317605,30.32626,36.62286,10.179364999999718
33,520,5.2C(58%)-4C,65.0,0.017761094,1.0849231,1.0848804,32.73610375278966,30.338936,36.500523,10.0960699999996
33,520,5.2C(58%)-4C,66.0,0.017638708,1.0853287,1.0852727,33.263782620016975,31.085148,37.02702,10.0958150000001
33,520,5.2C(58%)-4C,67.0,0.017752357,1.0854483,1.0853571,33.30458667839616,31.240463,36.547142,10.095821666667083
33,520,5.2C(58%)-4C,68.0,0.017752357,1.0849664,1.0849464,32.939893407185686,30.711554,36.801876,10.179248333333335
33,520,5.2C(58%)-4C,69.0,0.017628126,1.0854044,1.0853773,33.312948358931656,30.94029,36.890266,10.096401666666663
33,520,5.2C(58%)-4C,70.0,0.017588908,1.0856464,1.085596,33.19965095157178,30.790514,36.412334,10.09620166666667
33,520,5.2C(58%)-4C,71.0,0.017795887,1.0850874,1.0850478,32.90184960202364,30.615335,36.736748,10.179151666666652
33,520,5.2C(58%)-4C,72.0,0.01763862,1.0853516,1.0852959,33.125445373617,30.775431,36.757462,10.179595000000003
33,520,5.2C(58%)-4C,73.0,0.017622305,1.0842048,1.0853983,32.90677331654067,30.300831,36.380711,10.096164999999989
33,520,5.2C(58%)-4C,74.0,0.017767457,1.0851303,1.0851543,32.940184217647115,30.780996,36.83115,10.095999999999973
33,520,5.2C(58%)-4C,75.0,0.017603148,1.0854406,1.0853807,33.33123273773272,31.101864,36.816006,10.09618833333334
33,520,5.2C(58%)-4C,76.0,0.017660107,1.085146,1.0850782,33.05672386406119,30.793585,36.275558,10.095736666666623
33,520,5.2C(58%)-4C,77.0,0.017735546,1.0851256,1.0850681,33.025947120645675,31.028675,36.653034,10.179938333333363
33,520,5.2C(58%)-4C,78.0,0.017682306,1.0837141,1.0852569,33.18368325675676,30.72176,36.609314,10.179418333333404
33,520,5.2C(58%)-4C,79.0,0.017701579,1.0849272,1.0848564,32.90511230482632,30.184734,36.350666,10.0959616666667
33,520,5.2C(58%)-4C,80.0,0.017737214,1.0850911,1.0850519,33.102900778341834,30.691933,36.886703,10.179233333333347
33,520,5.2C(58%)-4C,81.0,0.017646357,1.0852358,1.0851837,33.292341755102036,30.712353,37.226891,10.095599999999953
33,520,5.2C(58%)-4C,82.0,0.017775651,1.0846264,1.0845877,32.64414874035988,30.263184,36.271202,10.096481666666659
33,520,5.2C(58%)-4C,83.0,0.017784812,1.083304,1.0848485,32.89172692438399,30.416922,36.840412,10.17916166666667
33,520,5.2C(58%)-4C,84.0,0.017761702,1.0849408,1.0849564,33.01032486999995,30.556499,37.128899,10.179191666666762
33,520,5.2C(58%)-4C,85.0,0.017791709,1.0847899,1.0847567,32.98285102378934,30.60759,36.944302,10.09578833333338
33,520,5.2C(58%)-4C,86.0,0.017654002,1.085117,1.0850812,33.436593254590925,31.309416,37.274311,10.179243333333337
33,520,5.2C(58%)-4C,87.0,0.017658034,1.0851631,1.0850836,33.37351899148929,30.757074,36.419674,10.17941833333316
33,520,5.2C(58%)-4C,88.0,0.0178621,1.0832055,1.0847332,33.03236377685252,30.639753,36.984219,10.095801666666619
33,520,5.2C(58%)-4C,89.0,0.017699918,1.0850949,1.085017,33.38792949251257,30.676205,37.105949,10.179368333333453
33,520,5.2C(58%)-4C,90.0,0.017665107,1.0851886,1.0851585,33.37614333552644,30.861799,37.198013,10.09573833333343
33,520,5.2C(58%)-4C,91.0,0.017795911,1.0847855,1.0847137,33.095277530456826,30.620049,37.203442,10.095804999999867
33,520,5.2C(58%)-4C,92.0,0.017646737,1.0850104,1.0849869,33.324799953429135,31.07736,37.553761,10.095538333333389
33,520,5.2C(58%)-4C,93.0,0.017671239,1.0846151,1.0845398,32.94608508856407,30.631733,36.586536,10.179298333333524
33,520,5.2C(58%)-4C,94.0,0.017827231,1.0847045,1.0846945,33.11134658487389,30.778294,37.305767,10.179471666666844
33,520,5.2C(58%)-4C,95.0,0.017677013,1.0850044,1.0849093,33.4214270722175,31.036087,37.114037,10.095856666666805
33,520,5.2C(58%)-4C,96.0,0.017713316,1.0844791,1.0844147,32.87004007989915,30.400566,36.474529,10.17911166666648
33,520,5.2C(58%)-4C,97.0,0.017792195,1.0845729,1.0845975,32.94581011402031,30.686148,36.863964,10.096253333333152
33,520,5.2C(58%)-4C,98.0,0.017751297,1.0848292,1.0847591,33.28079940533572,30.74983,37.040482,10.179085000000002
33,520,5.2C(58%)-4C,99.0,0.017772902,1.084527,1.0844604,33.030134560204985,30.177765,36.705414,10.09625500000014
33,520,5.2C(58%)-4C,100.0,0.017794212,1.0848359,1.0847911,33.274817489898965,30.625563,37.354271,10.096216666666685
33,520,5.2C(58%)-4C,101.0,0.01770401,1.0848403,1.084754,33.384208504251795,30.895674,37.692589,10.179931666666622
33,520,5.2C(58%)-4C,102.0,0.017854847,1.0842015,1.0841062,32.843467943299046,30.403811,36.957336,10.096056666666604
33,520,5.2C(58%)-4C,103.0,0.017757921,1.0845428,1.0845401,33.2029664712352,30.936806,37.07402,10.095679999999993
33,520,5.2C(58%)-4C,104.0,0.017737702,1.0847183,1.084663,33.25942378346114,30.81955,36.845867,10.179549999999775
33,520,5.2C(58%)-4C,105.0,0.017925331,1.0839598,1.0838969,32.741251898799256,30.102081,36.696922,10.095913333333252
33,520,5.2C(58%)-4C,106.0,0.017816819,1.0845178,1.0844374,33.203829754893654,30.55097,37.294666,10.095759999999911
33,520,5.2C(58%)-4C,107.0,0.017716125,1.0845492,1.0844901,33.19113759327726,30.866531,36.860489,10.095736666666442
33,520,5.2C(58%)-4C,108.0,0.017930048,1.0840425,1.0840049,32.8085239991575,30.288124,36.751762,10.095470000000205
33,520,5.2C(58%)-4C,109.0,0.01783995,1.0844314,1.0843801,33.18413803839728,30.604242,37.171108,10.179126666666708
33,520,5.2C(58%)-4C,110.0,0.017769309,1.0846086,1.0844864,33.260438016337076,30.618507,37.02562,10.179156666666676
33,520,5.2C(58%)-4C,111.0,0.017878087,1.0842835,1.0842721,33.2179397662671,30.730019,37.563858,10.179445000000124
33,520,5.2C(58%)-4C,112.0,0.017642453,1.0846092,1.0845102,33.65547799411273,31.467157,37.647202,10.09602833333338
33,520,5.2C(58%)-4C,113.0,0.017695641,1.0844884,1.0843811,33.32335877085095,30.88048,36.628857,10.179736666667061
33,520,5.2C(58%)-4C,114.0,0.017848833,1.084291,1.0842168,33.24812000434401,30.931429,37.154415,10.179698333333363
33,520,5.2C(58%)-4C,115.0,0.017780274,1.08448,1.0844226,33.52862288127084,30.445736,37.711857,10.179203333333135
33,520,5.2C(58%)-4C,116.0,0.01768557,1.0839981,1.0839109,33.04386004086961,30.362854,36.929474,10.1793849999997
33,520,5.2C(58%)-4C,117.0,0.017868211,1.084049,1.083703,33.18142476441099,30.696701,37.438568,10.096001666666416
33,520,5.2C(58%)-4C,118.0,0.01775769,1.0841684,1.0841511,33.43021089617015,31.044823,37.601665,10.095788333333621
33,520,5.2C(58%)-4C,119.0,0.01787848,1.0837247,1.0836222,32.93405100169065,30.201019,36.990753,10.09588500000003
33,520,5.2C(58%)-4C,120.0,0.017820457,1.0840065,1.0839498,33.16872007797774,30.549225,37.228123,10.101004999999713
33,520,5.2C(58%)-4C,121.0,0.017786087,1.0841279,1.0840254,33.20010513851352,30.491407,37.632259,10.096015000000383
33,520,5.2C(58%)-4C,122.0,0.017887985,1.0836835,1.0824112,32.98752933593755,30.343504,37.109234,10.095976666666198
33,520,5.2C(58%)-4C,123.0,0.017809227,1.0839981,1.0839362,33.402585135874126,30.910099,37.377647,10.095736666666927
33,520,5.2C(58%)-4C,124.0,0.017772455,1.0842111,1.0841,33.37120686570947,30.806429,36.915562,10.09598833333342
33,520,5.2C(58%)-4C,125.0,0.017957391,1.0836277,1.0835556,33.07962838358452,30.583712,37.200874,10.179086666666747
33,520,5.2C(58%)-4C,126.0,0.017811667,1.0837827,1.083703,33.278093683050855,30.30851,37.728294,10.17959166666648
33,520,5.2C(58%)-4C,127.0,0.017813837,1.0836936,1.0823905,33.02573520033961,30.758699,37.160301,10.17902000000031
33,520,5.2C(58%)-4C,128.0,0.017945431,1.0834479,1.0834106,32.97773619419083,30.664612,37.300747,10.09582833333358
33,520,5.2C(58%)-4C,129.0,0.017795326,1.0836923,1.0836544,33.33128555472022,30.976093,37.465473,10.0963883333335
33,520,5.2C(58%)-4C,130.0,0.017778929,1.0837269,1.0836501,33.166692843935586,30.706686,36.639915,10.179086666666747
33,520,5.2C(58%)-4C,131.0,0.017952679,1.083513,1.0834736,33.060988968828944,30.48522,37.100578,10.095843333333324
33,520,5.2C(58%)-4C,132.0,0.017875286,1.0836322,1.0823617,33.16839191014978,30.03108,37.299015,10.17962000000019
33,520,5.2C(58%)-4C,133.0,0.017870232,1.083564,1.0834932,33.25397124668874,30.975256,37.089916,10.0958150000001
33,520,5.2C(58%)-4C,134.0,0.017864052,1.083622,1.083563,33.34131937817253,30.878942,37.356377,10.095973333333678
33,520,5.2C(58%)-4C,135.0,0.017823864,1.0838307,1.0837749,33.54354850884569,30.60194,38.03899,10.095589999999598
33,520,5.2C(58%)-4C,136.0,0.017782591,1.0833242,1.0832245,33.075015906063236,30.23822,37.011806,10.179975000000073
33,520,5.2C(58%)-4C,137.0,0.017892608,1.0835479,1.0822302,33.33280913322089,30.685801,37.738602,10.095638333333287
33,520,5.2C(58%)-4C,138.0,0.017760873,1.0835743,1.0834692,33.45944574871794,30.966667,37.781315,10.095614999999816
33,520,5.2C(58%)-4C,139.0,0.017900711,1.0831169,1.0829779,33.00832218948249,30.332209,37.338337,10.096064999999847
33,520,5.2C(58%)-4C,140.0,0.017834255,1.0833887,1.083305,33.41299167147705,30.91748,37.694611,10.095773333333394
33,520,5.2C(58%)-4C,141.0,0.017779738,1.083492,1.0833696,33.55916419224276,30.978573,37.507549,10.179179999999663
33,520,5.2C(58%)-4C,142.0,0.017972749,1.0829004,1.0815233,32.91174215598644,30.186846,37.143711,10.095986666666189
33,520,5.2C(58%)-4C,143.0,0.01791087,1.0830694,1.0829788,33.20550909390868,30.626488,37.555241,10.17933666666698
33,520,5.2C(58%)-4C,144.0,0.017797442,1.0833046,1.0831602,33.21574753001722,30.875759,37.002419,10.179525000000528
33,520,5.2C(58%)-4C,145.0,0.018057389,1.0827161,1.0826273,32.859162306207985,30.213398,37.301003,10.179709999999613
33,520,5.2C(58%)-4C,146.0,0.017890703,1.0830652,1.0830201,33.38027411234036,30.582066,37.713707,10.179176666667141
33,520,5.2C(58%)-4C,147.0,0.017842982,1.0831209,1.0818232,33.26869346199322,30.488308,37.20229,10.17920499999988
33,520,5.2C(58%)-4C,148.0,0.018052299,1.082761,1.0826457,33.08782791916675,30.479918,37.568329,10.096110000000529
33,520,5.2C(58%)-4C,149.0,0.017866537,1.0830748,1.0829628,33.51235979471897,30.780382,38.146023,10.17937666666597
33,520,5.2C(58%)-4C,150.0,0.01779506,1.0827531,1.0825964,33.0823389039116,30.112608,36.81398,10.17908166666651
33,520,5.2C(58%)-4C,151.0,0.018003134,1.0826139,1.0824989,33.0991696967631,30.545715,37.284752,10.096413333333718
33,520,5.2C(58%)-4C,152.0,0.017986184,1.082713,1.0814232,33.168095190761306,30.05447,37.424358,10.179098333332998
33,520,5.2C(58%)-4C,153.0,0.017941047,1.0823767,1.0822476,32.89780356103678,30.06831,36.875473,10.17908166666651
33,520,5.2C(58%)-4C,154.0,0.018001985,1.082485,1.082455,33.10451396630156,30.430555,37.53685,10.096403333333244
33,520,5.2C(58%)-4C,155.0,0.017915415,1.0826684,1.0825788,33.289025248530564,30.320475,37.95649,10.179386666666444
33,520,5.2C(58%)-4C,156.0,0.018056955,1.0820662,1.0820036,32.754627727656,29.832954,36.978176,10.096470000000165
33,520,5.2C(58%)-4C,157.0,0.017954797,1.0826066,1.081265,33.362618095772234,30.716412,37.799175,10.179313333333509
33,520,5.2C(58%)-4C,158.0,0.017865842,1.0826452,1.0825757,33.51550520523647,30.863907,38.174042,10.179148333333433
33,520,5.2C(58%)-4C,159.0,0.017898098,1.0823106,1.0821838,33.269422775213535,30.607849,37.569782,10.179484999999598
33,520,5.2C(58%)-4C,160.0,0.017903628,1.0825115,1.0823832,33.51213070994941,30.894072,37.890533,10.095964999999463
33,520,5.2C(58%)-4C,161.0,0.017779324,1.0826728,1.0825678,33.61729751133498,31.159452,37.499447,10.179074999999527
33,520,5.2C(58%)-4C,162.0,0.018074408,1.0819825,1.080635,33.099673045871505,30.264366,37.565105,10.179701666666855
33,520,5.2C(58%)-4C,163.0,0.017926401,1.0823429,1.0822637,33.425843823190824,30.699268,37.882114,10.179279999999562
33,520,5.2C(58%)-4C,164.0,0.017858177,1.0823381,1.0821965,33.32290752303752,30.864824,37.409779,10.179098333332998
33,520,5.2C(58%)-4C,165.0,0.018081784,1.0818217,1.0817826,33.07765817284987,30.380152,37.606503,10.100061666666685
33,520,5.2C(58%)-4C,166.0,0.017934054,1.0821631,1.0820763,33.38296762595435,30.55888,38.10397,10.095893333333272
33,520,5.2C(58%)-4C,167.0,0.017860521,1.0819856,1.0818812,33.077095290428936,30.181761,37.135128,10.179555000000013
33,520,5.2C(58%)-4C,168.0,0.017956441,1.08174,1.0815974,32.85332895446727,30.152882,37.511845,10.179176666666171
33,520,5.2C(58%)-4C,169.0,0.017956441,1.0818871,1.0818411,33.21812815763138,30.47546,38.054436,10.096523333333332
33,520,5.2C(58%)-4C,170.0,0.017888151,1.0817044,1.0815817,33.11063034132234,30.478216,37.259098,10.179523333333343
33,520,5.2C(58%)-4C,171.0,0.018004462,1.0817778,1.0817221,33.35291772428694,30.874714,37.945477,10.095993333333338
33,520,5.2C(58%)-4C,172.0,0.017871985,1.0819374,1.0818835,33.64295967659566,31.326635,38.04464,10.096646666666675
33,520,5.2C(58%)-4C,173.0,0.017918784,1.0815799,1.0814532,33.188948504587145,30.393929,37.586582,10.09656166666667
33,520,5.2C(58%)-4C,174.0,0.017961664,1.0817105,1.0816227,33.467257755480595,30.945171,37.999165,10.179279999999986
33,520,5.2C(58%)-4C,175.0,0.017883977,1.0816497,1.0815548,33.52128582489615,31.292124,37.977684,10.096476666666664
33,520,5.2C(58%)-4C,176.0,0.018023396,1.0811627,1.0810653,33.046819376910044,30.379065,37.388988,10.179641666666672
33,520,5.2C(58%)-4C,177.0,0.017998651,1.0814712,1.0814478,33.33677442349964,30.698811,37.755882,10.096229999999984
33,520,5.2C(58%)-4C,178.0,0.017964244,1.0815657,1.0814912,33.520005586177426,30.708906,37.896114,10.179795000000013
33,520,5.2C(58%)-4C,179.0,0.018055521,1.080989,1.0809318,33.02564204242935,30.108727,37.513027,10.096088333333439
33,520,5.2C(58%)-4C,180.0,0.01800143,1.0812639,1.0812243,33.22068713455146,30.438114,37.840839,10.179331666666743
33,520,5.2C(58%)-4C,181.0,0.017932996,1.0811336,1.0810388,33.192207784264085,31.009026,37.458939,10.095559999999994
33,520,5.2C(58%)-4C,182.0,0.018041793,1.0809902,1.0809697,33.28282820016738,30.644907,37.870262,10.179190000000016
33,520,5.2C(58%)-4C,183.0,0.017908592,1.0812579,1.0812019,33.589988837248306,31.197775,37.921021,10.179308333333392
33,520,5.2C(58%)-4C,184.0,0.017957747,1.0812402,1.0811858,33.52122048359962,30.932314,37.731163,10.096460000000056
33,520,5.2C(58%)-4C,185.0,0.018054243,1.0808566,1.0807748,33.28830244013484,30.770098,38.091572,10.178725000000002
33,520,5.2C(58%)-4C,186.0,0.017938988,1.0809767,1.0808535,33.52250251839464,31.22694,37.91114,10.17897833333324
33,520,5.2C(58%)-4C,187.0,0.018022027,1.0808071,1.0807587,33.30489906034479,30.591251,37.480297,10.096110000000044
33,520,5.2C(58%)-4C,188.0,0.018042937,1.0808867,1.0808228,33.479426604611575,30.883635,38.127457,10.179193333333144
33,520,5.2C(58%)-4C,189.0,0.017910134,1.0810423,1.0809811,33.7683021591695,31.106865,38.101013,10.179854999999952
33,520,5.2C(58%)-4C,190.0,0.017883293,1.0807667,1.0806592,33.42648369003383,30.602394,37.62569,10.096583333333305
33,520,5.2C(58%)-4C,191.0,0.017848853,1.0809966,1.0809236,33.68307840358361,31.255554,38.110527,10.095923333333243
33,520,5.2C(58%)-4C,192.0,0.0179356,1.0806974,1.0805868,33.49592089180048,30.808092,37.323048,10.096246666666653
33,520,5.2C(58%)-4C,193.0,0.018120758,1.0802821,1.0801696,33.03293696458688,30.208057,37.473961,10.179475000000092
33,520,5.2C(58%)-4C,194.0,0.018027067,1.0804697,1.0804369,33.414182286317576,30.684372,37.924549,10.179290000000037
33,520,5.2C(58%)-4C,195.0,0.017956994,1.0807028,1.0806336,33.69368634430379,30.885191,38.026009,10.17964499999992
33,520,5.2C(58%)-4C,196.0,0.018092282,1.0800145,1.0799342,33.193112340223955,30.316666,37.85413,10.179273333333306
33,520,5.2C(58%)-4C,197.0,0.01796966,1.0804155,1.0803777,33.69775114599148,31.215679,38.313522,10.179391666666682
33,520,5.2C(58%)-4C,198.0,0.017909143,1.0802528,1.0800968,33.585754343856586,30.620596,37.454815,10.095790000000125
33,520,5.2C(58%)-4C,199.0,0.018122593,1.079728,1.0796552,33.10179260946746,30.372265,37.818272,10.096081666666821
33,520,5.2C(58%)-4C,200.0,0.01800634,1.0800474,1.0799725,33.503556424292846,30.762236,37.885612,10.17925499999983
33,520,5.2C(58%)-4C,201.0,0.018021394,1.0801042,1.0800401,33.471057380672235,30.436239,37.386467,10.17899499999985
33,520,5.2C(58%)-4C,202.0,0.018188773,1.0795143,1.0794821,33.13337397334474,30.402718,37.656971,10.095828333333339
33,520,5.2C(58%)-4C,203.0,0.01807965,1.0796967,1.0796051,33.234806141897565,30.372408,37.312363,10.179576666666739
33,520,5.2C(58%)-4C,204.0,0.018159201,1.0797309,1.0796741,33.20630542194098,30.053633,37.630772,10.179270000000058
33,520,5.2C(58%)-4C,205.0,0.018128848,1.0795903,1.0795192,33.400074413117586,30.564203,38.205105,10.096321666666821
33,520,5.2C(58%)-4C,206.0,0.017983753,1.0798832,1.0797964,33.83720256118148,30.907494,38.450081,10.096161666666255
33,520,5.2C(58%)-4C,207.0,0.017926946,1.0797324,1.0796533,33.637611208754194,30.758106,37.732658,10.09594833333346
33,520,5.2C(58%)-4C,208.0,0.018099215,1.0795295,1.0794845,33.59157707416664,30.870905,38.097286,10.09623166666667
33,520,5.2C(58%)-4C,209.0,0.018013906,1.0797044,1.0796206,33.78900769309455,30.852087,38.208923,10.179351666666722
33,520,5.2C(58%)-4C,210.0,0.017987773,1.0794493,1.0793562,33.54937034304746,30.412926,37.902435,10.179863333332953
33,520,5.2C(58%)-4C,211.0,0.018033924,1.0794693,1.0794103,33.653929526800646,30.991188,38.609158,10.17936666666695
33,520,5.2C(58%)-4C,212.0,0.017957956,1.079365,1.0794004,33.80176430749354,31.469032,38.215225,10.179124999999962
33,520,5.2C(58%)-4C,213.0,0.018059261,1.0790523,1.0789492,33.40930404533785,30.563799,38.010731,10.179140000000189
33,520,5.2C(58%)-4C,214.0,0.018041274,1.0792623,1.0791538,33.635432925486796,30.989817,37.977638,10.09569166666673
33,520,5.2C(58%)-4C,215.0,0.018054526,1.0792611,1.0792272,33.690825518166065,30.418274,38.209881,10.096536666666603
33,520,5.2C(58%)-4C,216.0,0.018136794,1.0786133,1.0785197,33.13108481903951,30.256693,37.786556,10.09602999999964
33,520,5.2C(58%)-4C,217.0,0.018087968,1.0785618,1.0787655,33.27325255112653,30.344576,37.924286,10.095676666666986
33,520,5.2C(58%)-4C,218.0,0.018075628,1.0788187,1.0787139,33.37464478912132,30.341822,37.722298,10.179144999999941
33,520,5.2C(58%)-4C,219.0,0.01820397,1.0783827,1.0783188,33.23130496954323,30.210403,37.888462,10.096068333333339
33,520,5.2C(58%)-4C,220.0,0.018084027,1.0786476,1.078607,33.67136997906191,30.786116,38.437996,10.096205000000191
33,520,5.2C(58%)-4C,221.0,0.017995685,1.0787264,1.0786065,33.643028755462105,30.877907,38.251137,10.095823333333344
33,520,5.2C(58%)-4C,222.0,0.018129442,1.0779828,1.0782053,33.38342415833333,30.705069,38.141983,10.17910166666649
33,520,5.2C(58%)-4C,223.0,0.018074427,1.0784867,1.078331,33.58497244827585,30.741085,38.100281,10.095881666666537
33,520,5.2C(58%)-4C,224.0,0.018033134,1.078519,1.0784507,33.436310604906915,30.351973,37.678761,10.09616166666674
33,520,5.2C(58%)-4C,225.0,0.018195845,1.0781025,1.0780424,33.33166851769553,30.466719,38.110695,10.095906666666755
33,520,5.2C(58%)-4C,226.0,0.018057205,1.0782014,1.078119,33.58828506106868,30.795761,38.310448,10.096148333333742
33,520,5.2C(58%)-4C,227.0,0.017995168,1.0776755,1.0778973,33.365161416946336,30.876535,37.674019,10.095593333333575
33,520,5.2C(58%)-4C,228.0,0.018137511,1.0779439,1.0778292,33.3360722418136,30.801283,38.06163,10.179006666666828
33,520,5.2C(58%)-4C,229.0,0.018046703,1.0780659,1.0779791,33.76578006186445,30.905981,37.976696,10.179098333333483
33,520,5.2C(58%)-4C,230.0,0.018103139,1.0776193,1.0775123,33.499747089058474,30.517864,37.980583,10.095710000000448
33,520,5.2C(58%)-4C,231.0,0.018063111,1.0778302,1.0777634,33.7670607453937,31.168383,38.472748,10.095681666666739
33,520,5.2C(58%)-4C,232.0,0.017982574,1.0778222,1.0779434,34.01573348034182,31.090307,38.5858,10.178993333333347
33,520,5.2C(58%)-4C,233.0,0.018116219,1.0773289,1.0772617,33.52320820185812,30.499222,38.008476,10.179300000000028
33,520,5.2C(58%)-4C,234.0,0.018075218,1.0776752,1.0775479,33.73143749203687,30.701464,38.239799,10.095679999999993
33,520,5.2C(58%)-4C,235.0,0.018065829,1.0776367,1.0775809,33.73402462637356,30.453571,38.811615,10.096138333333268
33,520,5.2C(58%)-4C,236.0,0.018188149,1.0769569,1.0768749,33.36020899486299,30.544815,38.314922,10.17940499999968
33,520,5.2C(58%)-4C,237.0,0.018016044,1.0770719,1.0772997,33.823631606655326,31.103949,38.753174,10.179186666666647
33,520,5.2C(58%)-4C,238.0,0.017926497,1.077252,1.0771408,33.69532752003404,31.261314,37.928604,10.09602999999964
33,520,5.2C(58%)-4C,239.0,0.018207911,1.0767075,1.076625,33.19300379127465,30.303656,37.807411,10.095833333333333
33,520,5.2C(58%)-4C,240.0,0.018113317,1.0769897,1.0768679,33.35412084634755,30.299896,37.933445,10.179093333333245
33,520,5.2C(58%)-4C,241.0,0.018116981,1.0768182,1.0766969,33.19673074389221,30.049595,37.861721,10.095903333333263
33,520,5.2C(58%)-4C,242.0,0.018210422,1.0762419,1.0764785,33.16573706166664,30.262827,38.219959,10.179153333333185
33,520,5.2C(58%)-4C,243.0,0.01803451,1.0767846,1.0766655,33.671023386306004,30.890659,38.594879,10.095773333333394
33,520,5.2C(58%)-4C,244.0,0.017957676,1.0765482,1.0764357,33.4447805524055,30.565775,37.880833,10.179268333333312
33,520,5.2C(58%)-4C,245.0,0.018166235,1.076439,1.0763339,33.49765417889529,30.728714,38.285404,10.095975000000909
33,520,5.2C(58%)-4C,246.0,0.018066514,1.0766066,1.07646,33.71983023247862,30.601833,38.317139,10.095843333333809
33,520,5.2C(58%)-4C,247.0,0.018008959,1.0760187,1.076225,33.414685797649064,30.375347,37.908661,10.17921666666613
33,520,5.2C(58%)-4C,248.0,0.018106904,1.0575978,1.072365,33.13303463763353,29.876589,38.502136,10.178955000000618
33,520,5.2C(58%)-4C,249.0,0.017982587,1.0691391,1.0737457,33.63075449746193,30.800764,38.736294,10.095896666666764
33,520,5.2C(58%)-4C,250.0,0.017951451,1.0729123,1.0739483,33.33420817863111,30.390766,37.778343,10.095709999999963
33,520,5.2C(58%)-4C,251.0,0.018097419,1.0738404,1.0743099,33.53473575144037,30.721348,38.461582,10.09593833333347
33,520,5.2C(58%)-4C,252.0,0.017940238,1.0742931,1.074474,33.67843405702487,30.99612,38.521709,10.179151666666924
33,520,5.2C(58%)-4C,253.0,0.017981401,1.0741783,1.0742809,33.26760919950122,30.409882,37.92585,10.09593833333347
33,520,5.2C(58%)-4C,254.0,0.018090514,1.0743637,1.0744253,33.407467168325034,30.526024,38.714161,10.095803333332878
33,520,5.2C(58%)-4C,255.0,0.017976064,1.0743721,1.0743306,33.473658864053434,30.969328,38.339512,10.179226666667576
33,520,5.2C(58%)-4C,256.0,0.018147646,1.0741103,1.0740604,33.11813562403438,30.270748,37.960396,10.17885833333324
33,520,5.2C(58%)-4C,257.0,0.018058309,1.0742737,1.0742557,33.3318641139767,30.588505,38.129894,10.179086666666747
33,520,5.2C(58%)-4C,258.0,0.017999068,1.0743715,1.0743494,33.542039820101316,30.929253,38.305355,10.179418333332675
33,520,5.2C(58%)-4C,259.0,0.018141504,1.073934,1.0738726,33.10721306160336,30.131208,38.016098,10.17924499999984
33,520,5.2C(58%)-4C,260.0,0.018068224,1.0742673,1.0742218,33.53207860506333,30.579855,38.566952,10.096401666666498
33,520,5.2C(58%)-4C,261.0,0.017986853,1.0742242,1.0741332,33.546537352640485,31.031118,38.03273,10.178994999999608
33,520,5.2C(58%)-4C,262.0,0.018174607,1.0739638,1.0738506,33.3348881206159,30.206448,38.13105,10.095821666667083
33,520,5.2C(58%)-4C,263.0,0.018099699,1.074034,1.0739917,33.59372048477153,30.522394,38.441154,10.179263333333074
33,520,5.2C(58%)-4C,264.0,0.018028544,1.0739303,1.0738353,33.45738013305076,30.803696,38.248798,10.17920499999988
33,520,5.2C(58%)-4C,265.0,0.01819559,1.0735426,1.0734408,33.25486931783602,30.19618,38.282326,10.095619999999569
33,520,5.2C(58%)-4C,266.0,0.018068004,1.0736709,1.0735983,33.59702625104604,30.63747,38.582855,10.096060000000096
33,520,5.2C(58%)-4C,267.0,0.018030811,1.073462,1.0733894,33.32488059419086,30.241627,37.833939,10.179198333333867
33,520,5.2C(58%)-4C,268.0,0.018202484,1.0734016,1.0733047,33.34138409068223,30.36829,38.319977,10.095658333333752
33,520,5.2C(58%)-4C,269.0,0.018030204,1.0736285,1.0735577,33.73759880117948,30.888006,38.887913,10.179318333333747
33,520,5.2C(58%)-4C,270.0,0.017996324,1.0733649,1.0732677,33.46010279600329,30.538706,38.032589,10.17945999999938
33,520,5.2C(58%)-4C,271.0,0.018161399,1.0733443,1.0732491,33.62679500590725,30.795547,38.651165,10.179169999999187
33,520,5.2C(58%)-4C,272.0,0.018000832,1.0735009,1.0733894,33.895081991453,31.092665,38.887459,10.096056666666604
33,520,5.2C(58%)-4C,273.0,0.01810265,1.0731136,1.0729066,33.515264917500055,30.402746,38.20525,10.17925333333357
33,520,5.2C(58%)-4C,274.0,0.01802941,1.0731769,1.0730646,33.69505945292615,30.787846,38.660896,10.179885000000164
33,520,5.2C(58%)-4C,275.0,0.01802941,1.0732628,1.0731726,33.933859267343486,30.973749,39.075119,10.095886666666667
33,520,5.2C(58%)-4C,276.0,0.018084735,1.0727305,1.0726037,33.51111626825128,30.349051,38.442059,10.179353333333347
33,520,5.2C(58%)-4C,277.0,0.018078232,1.0728394,1.0727181,33.66214559846545,30.946939,38.89336,10.179663333333338
33,520,5.2C(58%)-4C,278.0,0.018008914,1.0725824,1.0720823,33.520329072525634,31.165665,38.073513,10.095780000000014
33,520,5.2C(58%)-4C,279.0,0.018223949,1.0722648,1.0721548,33.426654018659896,30.566704,38.348289,10.095826666666653
33,520,5.2C(58%)-4C,280.0,0.018052006,1.0725774,1.0724375,33.63964217062821,30.841125,38.458481,10.179385000000002
33,520,5.2C(58%)-4C,281.0,0.018011829,1.0724868,1.0723848,33.58898153517583,30.954523,38.301876,10.095958333333328
33,520,5.2C(58%)-4C,282.0,0.018217376,1.0719781,1.0719255,33.270787694727844,30.438713,38.515049,10.179276666666677
33,520,5.2C(58%)-4C,283.0,0.018038314,1.0721179,1.0707859,33.67518563122364,31.006954,38.691113,10.096191666666709
33,520,5.2C(58%)-4C,284.0,0.018087251,1.0718503,1.0717417,33.49243482472482,30.821615,38.156788,10.179668333333272
33,520,5.2C(58%)-4C,285.0,0.018166762,1.0717555,1.0716277,33.63063178506982,30.940056,38.637093,10.179266666666686
33,520,5.2C(58%)-4C,286.0,0.018042877,1.0717715,1.0715975,33.76138716271183,31.240971,38.286304,10.095953333333334
33,520,5.2C(58%)-4C,287.0,0.018152302,1.0712672,1.071179,33.40135829342324,30.355591,38.260544,10.09606500000009
33,520,5.2C(58%)-4C,288.0,0.018145878,1.0713105,1.0699852,33.384935215553654,30.386927,38.28138,10.096068333333339
33,520,5.2C(58%)-4C,289.0,0.018150009,1.0712563,1.071134,33.44592787000848,30.384693,38.379501,10.09602833333338
33,520,5.2C(58%)-4C,290.0,0.018234402,1.0709685,1.0707818,33.243271810084046,30.180698,38.073315,10.095846666666693
33,520,5.2C(58%)-4C,291.0,0.018133914,1.0711081,1.0710111,33.65406723655916,30.782579,38.656857,10.095628333333298
33,520,5.2C(58%)-4C,292.0,0.018017484,1.0710984,1.0709713,33.77594875174217,30.982885,38.577076,10.179371666666702
33,520,5.2C(58%)-4C,293.0,0.018161098,1.0705903,1.0692445,33.37656185689805,30.366899,38.364964,10.095698333333226
33,520,5.2C(58%)-4C,294.0,0.018096158,1.0708724,1.0707237,33.890275250425844,30.934444,38.877197,10.179318333333503
33,520,5.2C(58%)-4C,295.0,0.018016042,1.0707569,1.0705832,33.94337782564961,31.331715,38.419277,10.095694999999978
33,520,5.2C(58%)-4C,296.0,0.018202752,1.0701637,1.0699902,33.47605355103741,30.577095,38.408112,10.179460000000109
33,520,5.2C(58%)-4C,297.0,0.018096788,1.0702382,1.0700752,33.58872182042552,31.012362,38.637283,10.095951666666709
33,520,5.2C(58%)-4C,298.0,0.018110882,1.0700141,1.0685842,33.53228525558309,30.895866,38.267143,10.179088333333251
33,520,5.2C(58%)-4C,299.0,0.018214466,1.0697285,1.0695962,33.49856495546228,30.597166,38.727932,10.09629833333335
33,520,5.2C(58%)-4C,300.0,0.01808032,1.0698317,1.0696894,33.77221962866728,30.987875,38.76149,10.096043333333364
33,520,5.2C(58%)-4C,301.0,0.018091979,1.0696558,1.0694536,33.522752496621635,30.638649,38.089149,10.09603500000012
33,520,5.2C(58%)-4C,302.0,0.018155228,1.0695319,1.0694211,33.716516635214845,30.882145,38.775364,10.179683333333378
33,520,5.2C(58%)-4C,303.0,0.018019309,1.0695716,1.0681648,33.98341395956199,31.248789,38.614326,10.096234999999918
33,520,5.2C(58%)-4C,304.0,0.018067664,1.0691069,1.068908,33.532974953757204,30.293589,38.656208,10.179184999999901
33,520,5.2C(58%)-4C,305.0,0.018172339,1.0687178,1.0685496,33.14378023475347,30.215147,38.498051,10.179326666666748
33,520,5.2C(58%)-4C,306.0,0.018118041,1.0686351,1.0684476,33.39096074812342,30.560736,38.723022,10.179138333333443
33,520,5.2C(58%)-4C,307.0,0.018220197,1.0684425,1.0682763,33.31590949617021,30.166464,38.272717,10.179180000000148
33,520,5.2C(58%)-4C,308.0,0.018103654,1.0686263,1.0672841,33.76562448179508,30.758888,38.824207,10.0957683333334
33,520,5.2C(58%)-4C,309.0,0.018015344,1.0686145,1.0683368,33.88044372519077,31.346743,39.076221,10.09577500000014
33,520,5.2C(58%)-4C,310.0,0.018125763,1.0679694,1.067731,33.36357370959599,30.23513,38.124786,10.179299999999785
33,520,5.2C(58%)-4C,311.0,0.018200254,1.0679128,1.0677818,33.55813628475714,30.378044,38.718899,10.179476666666597
33,520,5.2C(58%)-4C,312.0,0.018097784,1.0677954,1.0675725,33.54499403050848,30.605684,38.375595,10.178993333333347
33,520,5.2C(58%)-4C,313.0,0.018284546,1.0672563,1.0670626,33.322990135112605,30.28714,38.560051,10.17920499999988
33,520,5.2C(58%)-4C,314.0,0.018114543,1.0673262,1.0671172,33.53452487053934,30.991484,38.600452,10.179298333333767
33,520,5.2C(58%)-4C,315.0,0.018159002,1.0670671,1.0668192,33.38490708354421,30.734514,38.410381,10.179551666666521
33,520,5.2C(58%)-4C,316.0,0.018253945,1.066808,1.0666264,33.30970713515753,30.358938,38.621769,10.096540000000095
33,520,5.2C(58%)-4C,317.0,0.018076241,1.0669316,1.0667489,33.72063034676742,31.009268,38.789398,10.09567166666675
33,520,5.2C(58%)-4C,318.0,0.018113535,1.066721,1.0665067,33.710049082133764,30.900146,38.508076,10.179750000000059
33,520,5.2C(58%)-4C,319.0,0.018177252,1.0665067,1.0663257,33.63780918204697,30.709631,38.865734,10.17958166666649
33,520,5.2C(58%)-4C,320.0,0.018058622,1.0664122,1.0661718,33.748379807597004,31.000416,38.812687,10.096006666666653
33,520,5.2C(58%)-4C,321.0,0.018114207,1.066005,1.0657839,33.52306380520576,30.323977,38.334229,10.097179999999934
33,520,5.2C(58%)-4C,322.0,0.018168364,1.0659382,1.0657495,33.69313402382989,30.595682,38.973972,10.180158333333384
33,520,5.2C(58%)-4C,323.0,0.018064421,1.0656695,1.0654346,33.612665895904485,30.896889,38.779083,10.096593333333052
33,520,5.2C(58%)-4C,324.0,0.018157717,1.0653775,1.0651292,33.49879090165301,30.383581,38.448082,10.181340000000395
33,520,5.2C(58%)-4C,325.0,0.018119074,1.065389,1.0651768,33.63800031723564,30.797262,38.808483,10.097203333333406
33,520,5.2C(58%)-4C,326.0,0.018115249,1.0652553,1.0649805,33.68174699159674,30.987259,38.574932,10.180298333333242
33,520,5.2C(58%)-4C,327.0,0.018211983,1.0646998,1.064442,33.46428951585967,30.348614,38.772114,10.098403333333165
33,520,5.2C(58%)-4C,328.0,0.018109564,1.0647507,1.0645504,33.701325747058775,30.680679,38.829071,10.097381666666479
33,520,5.2C(58%)-4C,329.0,0.018070221,1.0643361,1.0640585,33.493016693256635,31.055485,38.252686,10.181074999999934
33,520,5.2C(58%)-4C,330.0,0.018251879,1.0641578,1.0638427,33.36847817138251,30.469549,38.562996,10.183823333333324
33,520,5.2C(58%)-4C,331.0,0.018089177,1.064224,1.0639783,33.84025443033797,31.023315,38.993763,10.181744999999744
33,520,5.2C(58%)-4C,332.0,0.018072484,1.0639089,1.0636251,33.671544666390666,30.535913,38.644154,10.099255000000024
33,520,5.2C(58%)-4C,333.0,0.018224409,1.0635773,1.0634212,33.59691144591256,30.469471,38.827312,10.183434999999978
33,520,5.2C(58%)-4C,334.0,0.01811897,1.0635471,1.063154,33.69386973467669,30.395594,39.023792,10.098645000000154
33,520,5.2C(58%)-4C,335.0,0.018145217,1.0629231,1.0626093,33.34070938467866,30.295622,38.148857,10.183818333333086
33,520,5.2C(58%)-4C,336.0,0.018231614,1.0627642,1.062541,33.42042161148082,30.331522,38.479866,10.185325000000011
33,520,5.2C(58%)-4C,337.0,0.018197533,1.0626194,1.0623599,33.47928889767058,30.298233,38.638851,10.101123333333332
33,520,5.2C(58%)-4C,338.0,0.018196909,1.0620997,1.0618868,33.28869799342109,29.975103,37.958443,10.101195000000008
33,520,5.2C(58%)-4C,339.0,0.01826923,1.0619832,1.0617701,33.466143853738764,30.476873,38.624096,10.188525000000178
33,520,5.2C(58%)-4C,340.0,0.018149914,1.0620211,1.0617387,33.65612492010092,30.644947,38.638729,10.102616666666774
33,520,5.2C(58%)-4C,341.0,0.018213874,1.06161,1.0612987,33.42897703624386,30.162033,38.39093,10.187949999999546
33,520,5.2C(58%)-4C,342.0,0.018146606,1.0616654,1.0614045,33.863786765833424,30.678007,39.028465,10.186384999999913
33,520,5.2C(58%)-4C,343.0,0.018055519,1.0611893,1.0612046,33.937043880756484,31.000629,39.281597,10.102221666666932
33,520,5.2C(58%)-4C,344.0,0.018240698,1.0608113,1.060407,33.34640030597015,29.80002,38.093483,10.189139999999801
33,520,5.2C(58%)-4C,345.0,0.018270439,1.0607076,1.0604053,33.40651946999152,29.917807,38.394066,10.189318333333357
33,520,5.2C(58%)-4C,346.0,0.018200956,1.0605079,1.0601691,33.46770176475408,30.101871,38.421074,10.188218333333014
33,520,5.2C(58%)-4C,347.0,0.018286394,1.060028,1.0597318,33.495657870509596,30.23699,38.585926,10.109441666666923
33,520,5.2C(58%)-4C,348.0,0.018148772,1.0598246,1.0598274,33.80825571416875,30.50062,38.971924,10.10592666666683
33,520,5.2C(58%)-4C,349.0,0.018097242,1.0598538,1.0594246,33.65222229436159,30.311138,38.172104,10.189571666667083
33,520,5.2C(58%)-4C,350.0,0.018301299,1.0593089,1.0590054,33.49367329632717,30.260746,38.57048,10.112274999999984
33,520,5.2C(58%)-4C,351.0,0.018163722,1.0593027,1.0590158,33.77636087325096,30.497936,38.864883,10.191828333334222
33,520,5.2C(58%)-4C,352.0,0.018116768,1.0589131,1.0584053,33.41771421678887,30.222172,38.018997,10.191304999999314
33,520,5.2C(58%)-4C,353.0,0.018331409,1.0580219,1.0579983,33.262195513093346,30.012814,38.38559,10.11648166666661
33,520,5.2C(58%)-4C,354.0,0.018217921,1.0582886,1.0579853,33.61387170398004,30.203487,38.651321,10.112201666666078
33,520,5.2C(58%)-4C,355.0,0.018238215,1.0579259,1.0575116,33.456825790507374,30.050907,37.964436,10.11140000000014
33,520,5.2C(58%)-4C,356.0,0.018319802,1.0576223,1.0572529,33.4703069689035,30.216158,38.268684,10.117863333332934
33,520,5.2C(58%)-4C,357.0,0.01820272,1.0576138,1.0572768,33.930226525714296,30.588404,38.844067,10.197379999999733
33,520,5.2C(58%)-4C,358.0,0.018220106,1.0568739,1.0563636,33.461493130398615,30.232922,38.239292,10.117488333332584
33,520,5.2C(58%)-4C,359.0,0.018249374,1.0566998,1.0564128,33.6422285848435,30.286011,38.746132,10.202173333332757
33,520,5.2C(58%)-4C,360.0,0.018175876,1.0565462,1.0561899,33.72086197357551,30.273613,38.480312,10.19777999999933
33,520,5.2C(58%)-4C,361.0,0.018371813,1.0557801,1.0553607,33.32087312921807,29.811174,38.312458,10.20756166666688
33,520,5.2C(58%)-4C,362.0,0.018266425,1.0557739,1.0554477,33.61118960687956,30.034481,38.764297,10.20383833333423
33,520,5.2C(58%)-4C,363.0,0.018213915,1.0554668,1.0549505,33.5230892667217,30.38273,38.374184,10.203456666666899
33,520,5.2C(58%)-4C,364.0,0.018311113,1.0549332,1.0546132,33.51687367951803,30.294184,38.701321,10.126606666666339
33,520,5.2C(58%)-4C,365.0,0.018136416,1.0545794,1.0542731,34.084078624483006,30.939358,39.021595,10.204745000000306
33,520,5.2C(58%)-4C,366.0,0.018074842,1.054497,1.0539838,33.933104056105705,30.742781,38.251049,10.205658333333364
33,520,5.2C(58%)-4C,367.0,0.018273858,1.0540735,1.0536855,33.87663742216792,30.593685,38.787907,10.212253333333258
33,520,5.2C(58%)-4C,368.0,0.018153865,1.0541229,1.0536778,34.00050346475418,30.580776,39.267372,10.121881666666983
33,520,5.2C(58%)-4C,369.0,0.018070003,1.0529158,1.052412,33.7883574113712,30.569166,38.42408,10.126033333332938
33,520,5.2C(58%)-4C,370.0,0.018179227,1.0529575,1.052591,33.98457341504857,30.858152,38.981937,10.21418166666602
33,520,5.2C(58%)-4C,371.0,0.018057737,1.0529612,1.052502,34.12213518399996,31.057177,39.292236,10.127461666666203
33,520,5.2C(58%)-4C,372.0,0.018172355,1.0523794,1.0517592,33.701459430894296,30.193605,38.172447,10.21405833333265
33,520,5.2C(58%)-4C,373.0,0.018235054,1.0520298,1.0516998,33.83823800472449,30.607403,38.701885,10.13636000000018
33,520,5.2C(58%)-4C,374.0,0.01816261,1.0518768,1.0514575,33.92947576798711,30.375061,39.11301,10.213930000000012
33,520,5.2C(58%)-4C,375.0,0.018245894,1.0511422,1.0505328,33.560558302788856,30.227335,38.418781,10.139658333333985
33,520,5.2C(58%)-4C,376.0,0.018195067,1.0510037,1.0506048,33.81302841592199,30.485893,38.591011,10.22256833333328
33,520,5.2C(58%)-4C,377.0,0.018157549,1.0507764,1.0503669,33.871080626016195,30.350199,38.659958,10.135371666666469
33,520,5.2C(58%)-4C,378.0,0.018299967,1.0488428,1.0494386,33.60396962861736,30.216038,38.5331,10.148526666666536
33,520,5.2C(58%)-4C,379.0,0.0181926,1.0488087,1.0485458,34.09055038075652,30.673868,38.817669,10.227038333334106
33,520,5.2C(58%)-4C,380.0,0.01825195,1.0495279,1.0488271,33.84854377250804,30.442104,38.462788,10.223981666666806
33,520,5.2C(58%)-4C,381.0,0.01825195,1.0488664,1.0483676,33.79074907654741,30.588139,38.839775,10.15242
33,520,5.2C(58%)-4C,382.0,0.018156622,1.0487057,1.0481544,34.123017799839225,30.778561,38.642723,10.148511666666673
33,520,5.2C(58%)-4C,383.0,0.018202905,1.0471356,1.0476618,33.76216338875305,30.271105,37.980457,10.152019999999993
33,520,5.2C(58%)-4C,384.0,0.01835,1.0474316,1.0469044,33.59312301291357,30.357222,38.2187,10.167806666666669
33,520,5.2C(58%)-4C,385.0,0.01827335,1.0462937,1.045861,33.78899999333881,30.282536,38.200573,10.243968333333305
33,520,5.2C(58%)-4C,386.0,0.018318474,1.0465274,1.0458778,33.5927176973899,30.34273,38.406929,10.242768333333334
33,520,5.2C(58%)-4C,387.0,0.0182399,1.0461016,1.0455226,33.59592297585673,30.679619,38.462944,10.253971666666681
33,520,5.2C(58%)-4C,388.0,0.018250942,1.0444255,1.0450145,33.529005002358446,30.550076,38.397903,10.176174999999967
33,520,5.2C(58%)-4C,389.0,0.018306924,1.0452332,1.0446283,33.59185481933442,30.296265,38.352261,10.256205000000046
33,520,5.2C(58%)-4C,390.0,0.01822768,1.0449519,1.0444473,33.97144250557328,30.833549,38.965885,10.256691666666665
33,520,5.2C(58%)-4C,391.0,0.018097576,1.0446568,1.0440181,34.2025399984277,31.205156,39.06213,10.167818333333344
33,520,5.2C(58%)-4C,392.0,0.018146913,1.0439799,1.0432503,33.86644151253039,30.737244,38.575359,10.260575000000001
33,520,5.2C(58%)-4C,393.0,0.018188126,1.0420574,1.0431199,34.08173991509431,30.738188,39.153805,10.183276666666643
33,520,5.2C(58%)-4C,394.0,0.018121315,1.0432044,1.0424435,34.00998773140174,30.845837,38.538532,10.258941666666699
33,520,5.2C(58%)-4C,395.0,0.01835192,1.0422822,1.0415961,33.69205885426734,30.250494,38.351341,10.27445000000007
33,520,5.2C(58%)-4C,396.0,0.018246565,1.0420514,1.0414289,34.01613107754453,30.476177,38.585228,10.18717000000009
33,520,5.2C(58%)-4C,397.0,0.018274916,1.0416433,1.0408852,33.93435214067519,30.255936,38.625015,10.270663333333383
33,520,5.2C(58%)-4C,398.0,0.018286036,1.0393453,1.0401934,33.78550914933546,30.524084,38.621273,10.206728333333254
33,520,5.2C(58%)-4C,399.0,0.018211093,1.0404892,1.0396842,33.95513351863595,30.812389,38.523506,10.201286666666663
33,520,5.2C(58%)-4C,400.0,0.018245064,1.039909,1.0390447,33.68691909177965,30.310955,38.089466,10.20531666666672
33,520,5.2C(58%)-4C,401.0,0.018307295,1.0391071,1.038522,33.69057666586921,30.411545,38.582737,10.217276666666779
33,520,5.2C(58%)-4C,402.0,0.018232204,1.038848,1.0381978,34.04239452324664,30.621754,38.619789,10.291653333333427
33,520,5.2C(58%)-4C,403.0,0.018276371,1.0381689,1.0373155,33.883356934272264,30.239836,38.32346,10.204731666666824
33,520,5.2C(58%)-4C,404.0,0.018287195,1.0375546,1.0369177,33.87925409748429,30.559303,38.73296,10.30642666666657
33,520,5.2C(58%)-4C,405.0,0.018181957,1.0372398,1.0365461,34.18944698827208,30.884569,39.033024,10.216624999999961
33,520,5.2C(58%)-4C,406.0,0.018304223,1.0364423,1.0355132,33.84297273826572,30.378138,38.524498,10.312451666666554
33,520,5.2C(58%)-4C,407.0,0.018285722,1.0354701,1.0348488,33.97948227558423,30.655256,38.883072,10.319956666666743
33,520,5.2C(58%)-4C,408.0,0.018238522,1.0353063,1.0345474,34.043921693798495,30.775238,38.801811,10.235570000000006
33,520,5.2C(58%)-4C,409.0,0.018341158,1.0345649,1.0337868,33.889839525592045,30.269075,38.81179,10.241806666666525
33,520,5.2C(58%)-4C,410.0,0.01840983,1.0338728,1.0329862,33.75081128692956,30.02112,38.724754,10.251678333333256
33,520,5.2C(58%)-4C,411.0,0.018333457,1.0332248,1.0322202,33.72914006000003,29.98559,38.165462,10.246666666666716
33,520,5.2C(58%)-4C,412.0,0.018422909,1.0323471,1.0315709,33.58849426793889,30.381519,38.333912,10.357521666666434
33,520,5.2C(58%)-4C,413.0,0.018376177,1.0319487,1.0311388,33.80360478243986,30.460957,38.720066,10.273293333333276
33,520,5.2C(58%)-4C,414.0,0.018329859,1.0314602,1.030515,33.908394442736345,30.384336,38.537338,10.353869999999976
33,520,5.2C(58%)-4C,415.0,0.018429408,1.0305295,1.0296926,33.92254170484243,30.625284,38.925751,10.290986666666624
33,520,5.2C(58%)-4C,416.0,0.018258767,1.0301934,1.0293169,34.238978785162345,30.824675,38.821991,10.284174999999959
33,520,5.2C(58%)-4C,417.0,0.018290563,1.0293169,1.0281547,34.0886564281298,30.558393,38.399326,10.364338333333338
33,520,5.2C(58%)-4C,418.0,0.018396942,1.0285001,1.0276369,33.95059762074301,30.434093,38.797558,10.392584999999963
33,520,5.2C(58%)-4C,419.0,0.018320234,1.0280259,1.0271432,34.249912633694066,30.548019,39.120735,10.379990000000301
33,520,5.2C(58%)-4C,420.0,0.018363906,1.0270938,1.0259054,33.92230703168455,29.928865,38.344902,10.297671666666671
33,520,5.2C(58%)-4C,421.0,0.018313739,1.0264075,1.0256311,34.207806394080905,30.278877,39.022842,10.390138333333017
33,520,5.2C(58%)-4C,422.0,0.01839735,1.0256046,1.0234729,34.03660489833072,30.225721,39.12326,10.328550000000298
33,520,5.2C(58%)-4C,423.0,0.018384453,1.0247908,1.0237098,33.87035256451614,30.381863,38.791573,10.44311666666666
33,520,5.2C(58%)-4C,424.0,0.018367559,1.0240434,1.0230409,33.96719768452833,30.645872,38.803532,10.447021666666842
33,520,5.2C(58%)-4C,425.0,0.018346984,1.0233479,1.0222538,33.96522335325264,30.781237,38.531273,10.371990000000126
33,520,5.2C(58%)-4C,426.0,0.018463006,1.0223147,1.0212882,33.84119955909091,30.362942,38.818878,10.487923333333068
33,520,5.2C(58%)-4C,427.0,0.018373162,1.0217057,1.0194895,34.16463403686984,30.771912,39.176105,10.483786666666855
33,520,5.2C(58%)-4C,428.0,0.018325968,1.0210633,1.0198929,34.17266961538451,30.872355,38.861046,10.401780000000144
33,520,5.2C(58%)-4C,429.0,0.018550981,1.0199196,1.0189091,34.03460595535717,30.596758,39.245159,10.450408333333325
33,520,5.2C(58%)-4C,430.0,0.018379372,1.0193303,1.0181971,34.31399179658502,30.673794,39.143082,10.500181666666565
33,520,5.2C(58%)-4C,431.0,0.018378627,1.0182937,1.0169448,34.01401145698929,30.38376,38.327461,10.431475000000015
33,520,5.2C(58%)-4C,432.0,0.018571176,1.0172241,1.0150477,34.042382110859705,30.44949,39.004719,10.575541666666686
33,520,5.2C(58%)-4C,433.0,0.018486589,1.0166343,1.0155149,34.26256556619291,30.519205,39.173786,10.467981666666553
33,520,5.2C(58%)-4C,434.0,0.018486518,1.0156323,1.0142412,33.969740519044144,30.027121,38.429905,10.471799999999833
33,520,5.2C(58%)-4C,435.0,0.018553887,1.0145925,1.0135615,34.04261569482507,30.824753,39.086098,10.620886666666289
33,520,5.2C(58%)-4C,436.0,0.018443814,1.0140322,1.012886,34.37347902744804,31.007156,39.070335,10.515386666666503
33,520,5.2C(58%)-4C,437.0,0.018503951,1.0129391,1.0103968,34.01368327131206,30.665405,38.883053,10.550911666666797
33,520,5.2C(58%)-4C,438.0,0.018495373,1.0121253,1.0108966,34.36332776579929,31.043251,39.308346,10.641270000000077
33,520,5.2C(58%)-4C,439.0,0.018425848,1.0113255,1.0100051,34.51339441752596,31.26189,38.749214,10.638511666666696
33,520,5.2C(58%)-4C,440.0,0.018617043,1.0099401,1.0085526,34.13828826150482,30.640987,38.983074,10.684458333333412
33,520,5.2C(58%)-4C,441.0,0.018509267,1.0091374,1.0078965,34.42078411972894,31.032078,39.339878,10.692045000000023
33,520,5.2C(58%)-4C,442.0,0.018423835,1.0083877,1.0068711,34.4863634902695,31.072886,39.064095,10.690694999999929
33,520,5.2C(58%)-4C,443.0,0.01858351,1.0060493,1.004805,34.22290716580305,30.71027,39.120621,10.73646000000008
33,520,5.2C(58%)-4C,444.0,0.01850877,1.0060581,1.0045756,34.439786240822365,31.048527,39.082973,10.731911666666566
33,520,5.2C(58%)-4C,445.0,0.01852894,1.0046213,1.0030454,34.27518845535053,30.766846,38.352173,10.738468333333246
33,520,5.2C(58%)-4C,446.0,0.018674031,1.0029297,1.0016111,34.207661810229844,30.839041,38.799564,10.815586666666785
33,520,5.2C(58%)-4C,447.0,0.018627377,1.0018488,1.0004314,34.333152741418736,30.612328,38.596645,10.796306666666835
33,520,5.2C(58%)-4C,448.0,0.018658701,1.0012773,0.99963188,33.88968603823949,29.98786,38.539967,10.804323333333498
33,520,5.2C(58%)-4C,449.0,0.018669166,1.0001559,0.99858421,34.114833208783296,30.389133,39.139935,10.848068333333261
33,520,5.2C(58%)-4C,450.0,0.018597037,0.99883544,0.99735022,34.51426218101537,30.831156,39.552315,10.835826666666739
33,520,5.2C(58%)-4C,451.0,0.018700033,0.9972586,0.99557382,34.17087398613133,30.360464,38.863873,10.88812333333335
33,520,5.2C(58%)-4C,452.0,0.018658323,0.99647099,0.99489468,34.4559305093391,30.899323,39.255222,10.903108333333511
33,520,5.2C(58%)-4C,453.0,0.018581713,0.99533331,0.99365777,34.795997693156835,31.318832,39.488056,10.895345000000088
33,520,5.2C(58%)-4C,454.0,0.018707126,0.99382532,0.99192649,34.281500602610535,30.524895,38.924038,10.946228333333663
33,520,5.2C(58%)-4C,455.0,0.018721381,0.9921574,0.99048871,34.42334550764745,30.878807,39.179901,10.90101999999994
33,520,5.2C(58%)-4C,456.0,0.018707931,0.99113178,0.98925525,34.37208574982024,30.891893,38.899403,11.000376666667096
33,520,5.2C(58%)-4C,457.0,0.018863531,0.98898196,0.98727489,34.06767932663308,30.446531,38.998318,11.071478333332925
33,520,5.2C(58%)-4C,458.0,0.018781787,0.98812789,0.98634851,34.35220686363629,30.790457,39.105839,10.9871133333334
33,520,5.2C(58%)-4C,459.0,0.018700117,0.98704582,0.98511332,34.41906766739132,30.436041,38.981209,11.062850000000132
33,520,5.2C(58%)-4C,460.0,0.018950943,0.98504472,0.98329264,34.085401961262605,30.360027,38.828182,11.077991666667124
33,520,5.2C(58%)-4C,461.0,0.018800322,0.98370779,0.98191255,34.600662825538286,30.69932,39.472012,11.039850000000055
33,520,5.2C(58%)-4C,462.0,0.01875091,0.98238665,0.98040009,34.46581833333341,30.78739,38.757771,11.07011333333309
33,520,5.2C(58%)-4C,463.0,0.01892798,0.9804101,0.97855145,34.40353219840694,30.699677,39.213764,11.235776666666304
33,520,5.2C(58%)-4C,464.0,0.018795263,0.97910583,0.97716528,34.75696823296707,31.111383,39.264793,11.135348333332997
33,520,5.2C(58%)-4C,465.0,0.018844649,0.97789252,0.97573256,34.46177819985562,30.388065,38.672169,11.141763333333074
33,520,5.2C(58%)-4C,466.0,0.018939454,0.97621351,0.97424024,34.47456516630817,30.802359,39.212029,11.318969999999778
33,520,5.2C(58%)-4C,467.0,0.018877562,0.97429907,0.97254419,34.84507756606502,31.081327,39.686672,11.217136666666677
33,520,5.2C(58%)-4C,468.0,0.01891317,0.97296798,0.97072548,34.402673085592006,30.535372,38.835255,11.295490000000184
33,520,5.2C(58%)-4C,469.0,0.01892399,0.97120029,0.96926928,34.62322715406765,30.993368,39.206547,11.42366500000062
33,520,5.2C(58%)-4C,470.0,0.018865202,0.96952581,0.96763843,34.825457902654925,31.165001,39.095577,11.432103333333119
33,520,5.2C(58%)-4C,471.0,0.019032247,0.96778136,0.96573633,34.214018910265565,30.382635,38.911186,11.527375000000271
33,520,5.2C(58%)-4C,472.0,0.019016147,0.9667244,0.96446776,34.452656783725985,30.690441,38.974777,11.552674999999969
33,520,5.2C(58%)-4C,473.0,0.018963583,0.96522665,0.96312362,34.452842425952,30.969275,38.643501,11.568319999999948
33,520,5.2C(58%)-4C,474.0,0.019179532,0.96241069,0.96043205,34.22273137733138,30.368759,38.852291,11.577023333333393
33,520,5.2C(58%)-4C,475.0,0.019090476,0.96138066,0.95929843,34.54472321723651,30.800447,39.257896,11.597949999999644
33,520,5.2C(58%)-4C,476.0,0.019062912,0.95969731,0.95750022,34.53119705327571,31.030378,38.561211,11.737048333333224
33,520,5.2C(58%)-4C,477.0,0.019230943,0.95710319,0.95396507,34.30408242805504,30.448483,38.954121,11.843829999999919
33,520,5.2C(58%)-4C,478.0,0.019162331,0.95620656,0.95400727,34.755661910778,31.039183,39.156261,11.851399999999558
33,520,5.2C(58%)-4C,479.0,0.019097622,0.95426708,0.95205933,34.7081572045616,30.827517,38.44503,11.809514999999859
33,520,5.2C(58%)-4C,480.0,0.019389842,0.95309836,0.95074606,34.081058241139694,30.440645,38.790039,11.966936666666879
33,520,5.2C(58%)-4C,481.0,0.019222021,0.95131814,0.94911903,34.594315588598896,30.888783,38.90715,12.032193333332543
33,520,5.2C(58%)-4C,482.0,0.019453697,0.9492259,0.94687659,34.5269724932191,30.445017,38.849281,11.99931833333297
33,520,5.2C(58%)-4C,483.0,0.019453697,0.94813859,0.94574314,34.30225528043032,30.630245,39.079071,12.145996666666667
33,520,5.2C(58%)-4C,484.0,0.019262528,0.94623703,0.94401234,34.800485342778174,31.143164,39.242504,12.12458166666667
33,520,5.2C(58%)-4C,485.0,0.019190606,0.94452035,0.94228381,34.78228773407975,31.195391,39.278488,12.251560000000003
33,520,5.2C(58%)-4C,486.0,0.019473698,0.94279176,0.94038695,34.460363997225976,30.64205,39.32732,12.423438333333342
33,520,5.2C(58%)-4C,487.0,0.01932429,0.94104314,0.93868077,34.94471582389504,31.442854,39.397453,12.422516666666676
33,520,5.2C(58%)-4C,488.0,0.01922239,0.93948638,0.93715608,34.986786579242526,31.038074,38.813202,12.374408333333365
33,520,5.2C(58%)-4C,489.0,0.019513164,0.93763018,0.93513161,34.60154518232043,30.891653,38.969246,12.59135166666668
33,520,5.2C(58%)-4C,490.0,0.019460274,0.93544883,0.93339485,34.882608134707844,30.758062,39.484554,12.674649999999989
33,520,5.2C(58%)-4C,491.0,0.019500358,0.93408436,0.93150544,34.73630107008071,30.639683,38.828236,12.72140166666668
33,520,5.2C(58%)-4C,492.0,0.019674426,0.93179595,0.92968619,34.596489051334814,30.891317,39.387829,12.948028333333301
33,520,5.2C(58%)-4C,493.0,0.019492414,0.92945755,0.92788613,35.0491523809854,31.358418,39.047703,12.945878333333289
33,520,5.2C(58%)-4C,494.0,0.019538889,0.92864102,0.92622405,34.69937115249473,30.617619,38.50565,13.059545000000071
33,520,5.2C(58%)-4C,495.0,0.019799396,0.92657137,0.92430925,34.40593017562961,30.482937,39.086021,13.294001666666615
33,520,5.2C(58%)-4C,496.0,0.019714294,0.92486531,0.92255676,34.814425201215364,30.959591,39.335487,13.197558333333411
33,520,5.2C(58%)-4C,497.0,0.019649604,0.92314839,0.92068958,34.63214632513645,30.797886,38.228729,13.40683000000002
33,520,5.2C(58%)-4C,498.0,0.019909868,0.92154515,0.91895115,34.089858241772944,30.466507,38.150536,13.686100000000078
33,520,5.2C(58%)-4C,499.0,0.019940063,0.91958553,0.91718644,34.144974613760176,30.172737,38.766888,13.74293333333335
33,520,5.2C(58%)-4C,500.0,0.019976743,0.91770196,0.9152475,34.46010413243249,30.553444,38.690975,13.728153333333346
33,520,5.2C(58%)-4C,501.0,0.020036474,0.91588718,0.91361064,34.554115140109914,30.740694,39.372398,13.967224999999962
33,520,5.2C(58%)-4C,502.0,0.019915048,0.91424412,0.91179109,35.03943583771042,31.758766,38.965424,14.06342666666654
33,520,5.2C(58%)-4C,503.0,0.019879436,0.91206121,0.90862721,34.69489894758337,30.816416,38.549355,14.2401916666667
33,520,5.2C(58%)-4C,504.0,0.020213442,0.9099462,0.90770817,34.3109388146106,30.309587,38.929291,14.655203333333338
33,520,5.2C(58%)-4C,505.0,0.020249683,0.90886319,0.90627009,34.60836500886168,30.783463,39.154865,14.598453333333358
33,520,5.2C(58%)-4C,506.0,0.020228092,0.90713906,0.90454406,34.53025970667569,30.766634,38.632568,14.929389999999936
33,520,5.2C(58%)-4C,507.0,0.020346336,0.90559006,0.90294874,34.4026890106171,30.468487,39.153015,15.226161666666545
33,520,5.2C(58%)-4C,508.0,0.020343451,0.90372771,0.90116584,34.60295979773023,31.000759,38.950516,15.38870333333325
33,520,5.2C(58%)-4C,509.0,0.020378206,0.8998735,0.89914417,34.57540233084742,30.673161,38.85379,15.944238333333244
33,520,5.2C(58%)-4C,510.0,0.020507203,0.89982784,0.89729124,34.37447633333334,30.493198,39.042252,16.10608666666667
33,520,5.2C(58%)-4C,511.0,0.020428829,0.89779919,0.89565939,35.01349187360843,31.291897,39.153255,16.37993166666662
33,520,5.2C(58%)-4C,512.0,0.020369552,0.8959288,0.89385378,34.93206092506628,30.849129,39.064217,16.742266666666545
33,520,5.2C(58%)-4C,513.0,0.020597408,0.89418906,0.89196521,34.78503880812048,31.010143,39.239937,17.38808333333339
33,520,5.2C(58%)-4C,514.0,0.020560738,0.89278001,0.89026803,35.14157528981546,31.373201,39.553864,17.75244833333321
33,520,5.2C(58%)-4C,515.0,0.020579617,0.89093596,0.88846785,35.05909737284776,31.423073,38.823483,18.496486666666655
33,520,5.2C(58%)-4C,516.0,0.021000814,0.8885439,0.88663888,34.691446223920394,31.035343,39.261456,19.85756833333338
33,520,5.2C(58%)-4C,517.0,0.020875718,0.88710862,0.88492811,35.06708950549458,31.14843,39.416962,20.324539999999978
33,520,5.2C(58%)-4C,518.0,0.02098234,0.88530773,0.88327456,34.99767433355397,31.070883,39.63966,21.772909999999925
33,520,5.2C(58%)-4C,519.0,0.021339511,0.88349819,0.88100803,34.66950602030453,30.806561,38.97678,23.85566333333336
33,520,5.2C(58%)-4C,520.0,0.021418586,0.88208717,0.87966013,34.70594678773884,30.931116,39.040745,26.38947833333344
33,520,5.2C(58%)-4C,521.0,0.021470226,0.88020712,0.87787634,34.61278710809051,30.312576,39.020954,33.234104999999786
33,520,5.2C(58%)-4C,522.0,0.021587707,0.87796205,0.87572777,34.361021144310115,30.620258,38.93351,20.0
33,520,5.2C(58%)-4C,523.0,0.021486273,0.87617034,0.87387824,34.48990423130539,30.86014,38.68605,20.0
33,520,5.2C(58%)-4C,524.0,0.021671958,0.8734951,0.87141144,34.42707185568981,30.377716,38.740364,20.0
33,520,5.2C(58%)-4C,525.0,0.021690855,0.87210196,0.86988258,34.18259273232323,30.48575,38.848282,20.0
33,520,5.2C(58%)-4C,526.0,0.021609141,0.87036717,0.86803442,34.57074213881752,30.438713,39.059433,20.0
33,520,5.2C(58%)-4C,527.0,0.021751642,0.8682341,0.86585724,34.43990535369775,30.624014,38.451027,20.0
33,520,5.2C(58%)-4C,528.0,0.021646626,0.86618459,0.86405402,34.58749924551289,30.93145,39.210331,20.0
33,520,5.2C(58%)-4C,529.0,0.021653492,0.86439872,0.86206365,34.68921045332484,30.617735,39.139645,20.0
33,520,5.2C(58%)-4C,530.0,0.021768507,0.86222428,0.85981911,34.42460698089165,30.42522,38.674854,20.0
33,520,5.2C(58%)-4C,531.0,0.02176876,0.8600924,0.85807788,34.53212285476921,30.794619,39.058605,20.0
33,520,5.2C(58%)-4C,532.0,0.021791903,0.85839731,0.85578704,34.560564112381016,30.896427,38.654404,20.0
33,520,5.2C(58%)-4C,533.0,0.02189742,0.85602975,0.85382771,34.38754493634621,30.63689,38.531223,20.0
33,520,5.2C(58%)-4C,534.0,0.021943446,0.85391611,0.85158974,34.13857510072419,30.562561,38.82925,20.0
33,520,5.2C(58%)-4C,535.0,0.021859266,0.85040951,0.84972095,34.35366561587706,30.755905,38.642723,20.0
33,520,5.2C(58%)-4C,536.0,0.022077115,0.84991223,0.8473987,34.11942526645374,30.224846,38.638695,20.0
33,520,5.2C(58%)-4C,537.0,0.021900166,0.84779453,0.84559715,34.42636335696035,30.983273,38.748081,20.0
33,520,5.2C(58%)-4C,538.0,0.021951299,0.84602696,0.84330559,34.57173183322558,30.950474,38.501663,20.0
33,520,5.2C(58%)-4C,539.0,0.022031263,0.84361285,0.84139192,34.51675072843447,30.827164,38.652088,20.0
33,520,5.2C(58%)-4C,540.0,0.02205221,0.84011334,0.8392393,34.51378110313906,30.789082,38.862564,20.0
33,520,5.2C(58%)-4C,541.0,0.022092197,0.83959216,0.83704531,34.547215138451854,30.512354,38.445755,20.0
33,520,5.2C(58%)-4C,542.0,0.022205885,0.83714992,0.83473009,34.224366886262025,30.562614,38.843819,20.0
33,520,5.2C(58%)-4C,543.0,0.022070719,0.83526099,0.83275199,34.52801440600519,30.902069,38.934872,20.0
33,520,5.2C(58%)-4C,544.0,0.022129569,0.83315367,0.83041167,34.48866861079728,30.418114,38.666843,20.0
33,520,5.2C(58%)-4C,545.0,0.022237511,0.82921028,0.82832545,34.093014554271136,30.246161,39.010265,20.0
33,520,5.2C(58%)-4C,546.0,0.022129171,0.82880229,0.82591307,34.395927684007674,30.390896,39.014011,20.0
